Date,Time of day,Sender,Content
04/10/2018,21:29:44,Me,Kirbaaa
04/10/2018,21:29:54,Me,Reci ti meni
04/10/2018,21:30:05,Me,Ono sto izdajete
04/10/2018,21:30:13,Me,Imate li posebnu sobu?
04/10/2018,21:30:16,Bakir Mob,Reci oko
04/10/2018,21:30:34,Bakir Mob,Sta hostel?
04/10/2018,21:30:38,Me,Jah
04/10/2018,21:30:50,Bakir Mob,Ima cetverokrevetna
04/10/2018,21:30:53,Bakir Mob,Imam ja stan
04/10/2018,21:30:59,Bakir Mob,Sta ti je volja
04/10/2018,21:31:08,Me,Imas stan?
04/10/2018,21:31:19,Bakir Mob,Na cobaniji
04/10/2018,21:31:29,Bakir Mob,Nije nesto top al normala
04/10/2018,21:31:32,Me,Kakav si za 21.5 do 15.6
04/10/2018,21:31:36,Bakir Mob,Moram ga sredit
04/10/2018,21:31:44,Me,Eto taman
04/10/2018,21:31:47,Me,Imas vremena
04/10/2018,21:31:49,Bakir Mob,Slobodan
04/10/2018,21:31:56,Bakir Mob,Kome
04/10/2018,21:31:58,Me,Cura dolazi na praksu u sa
04/10/2018,21:32:07,Me,Ostaje mjesec
04/10/2018,21:32:09,Bakir Mob,Sama?
04/10/2018,21:32:14,Me,Sama
04/10/2018,21:32:25,Me,Mozel to kako za 250 km?
04/10/2018,21:32:42,Bakir Mob,Sa ili bez rezija
04/10/2018,21:33:48,Me,Evo da provjerim
04/10/2018,21:38:25,Me,Hajde javim ti kad mi odg
04/10/2018,21:38:26,Me,Ugl
04/10/2018,21:44:06,Me,Koliko bi je izaslo sa rezijama mjesecno?
04/10/2018,21:44:38,Bakir Mob,Pff pa obzirom da nece grijanje koristiti
04/10/2018,21:44:47,Bakir Mob,Jos stoja
04/10/2018,21:44:51,Bakir Mob,350
04/10/2018,21:44:56,Me,Ma ja
04/10/2018,21:45:06,Me,Pa eto bil ti za 300?
04/10/2018,21:45:39,Bakir Mob,Ma haj jebai je
04/10/2018,21:46:20,Bakir Mob,Kod galije tamo
04/10/2018,21:46:37,Me,Evo javio sam
04/10/2018,21:46:45,Me,Kaze da joj posaljem slike
04/10/2018,21:46:50,Me,Pa ti kad god
04/10/2018,21:46:58,Me,Mozes eto
04/10/2018,21:47:36,Bakir Mob,Pa eto hos sutra oko 3
04/10/2018,21:47:38,Bakir Mob,Na kafu
04/10/2018,21:47:45,Bakir Mob,Ako mozes
04/10/2018,21:48:07,Me,Nesto me gripa uhvatila
04/10/2018,21:48:14,Me,Vjerujes jutros
04/10/2018,21:48:19,Me,Al ako treba moze
04/10/2018,21:49:04,Bakir Mob,Ma ne moras ako neces
04/10/2018,21:49:17,Bakir Mob,Nego ja u petak aBd odoh do istanbula pa me nema
04/10/2018,21:49:25,Bakir Mob,Do sredine iduce hefte
04/10/2018,21:49:29,Me,Au
04/10/2018,21:49:35,Me,Sto do istambula?
04/10/2018,21:50:14,Bakir Mob,Imamo sastanak sa turcima
04/10/2018,21:50:19,Bakir Mob,Za pohod u julu
04/10/2018,21:50:21,Me,Haha
04/10/2018,21:50:23,Me,Hjoj
04/10/2018,21:50:31,Me,Na sastanak u istambulu
04/10/2018,21:50:48,Me,Hajd ok
04/10/2018,21:50:51,Me,Ne znam stvarno
04/10/2018,21:50:59,Me,Ako me temperatura ne uhvati
04/10/2018,21:50:59,Bakir Mob,Hahah posto sam fikret
04/10/2018,21:51:05,Me,Moze na kafu
04/10/2018,21:51:07,Me,Sto da ne
04/10/2018,21:51:20,Bakir Mob,Valja nisam te vidio 100 godina
04/10/2018,21:51:29,Me,Nemam obaveza mislim
04/10/2018,21:51:44,Me,Ma hajde
04/10/2018,21:51:50,Me,Vidis kako ja tebi gledam u dzep
04/10/2018,21:52:12,Bakir Mob,Pa hajde sad ce ljeto
04/10/2018,21:52:21,Bakir Mob,Pa cemo se slat
04/10/2018,21:52:42,Bakir Mob,Sredit cu ti ja ako hocea aBd u septebru neku erasmus
04/10/2018,21:52:49,Bakir Mob,To ti je pola godin
04/10/2018,21:52:54,Bakir Mob,Prst u uho
04/10/2018,21:53:25,Me,Ovo sam ti slucajno
04/10/2018,21:53:28,Me,Moze
04/10/2018,21:53:29,Me,Super
04/10/2018,21:53:34,Me,Taman
04/10/2018,21:53:39,Me,Hajde gledaj tekmu
04/10/2018,21:55:24,Me,Sredi mi prag za 100 markica
04/10/2018,21:55:28,Me,(wink)
04/10/2018,21:56:14,Bakir Mob,Hos to da ides
04/10/2018,22:01:50,Me,Pa sto ne bi
04/10/2018,22:02:35,Bakir Mob,Gdje se sad sjeti haman i nema mjesta
04/10/2018,22:03:05,Bakir Mob,Al ako ces sigurno mogu te ubacit
04/10/2018,22:03:22,Bakir Mob,Ide kemo dzonko pasa mario hare
04/10/2018,22:05:51,Bakir Mob,Hahaha
04/10/2018,22:06:11,Bakir Mob,Dnevna i 2 sobe
04/10/2018,22:06:26,Bakir Mob,Hodnik wc i kuhinja
04/10/2018,22:06:46,Bakir Mob,Cuj flatshare or studio
04/10/2018,22:06:52,Bakir Mob,Sunce ti poljubim
04/10/2018,22:06:59,Me,Hahaha
04/10/2018,22:07:34,Bakir Mob,Sprat kuce
04/10/2018,22:11:44,Me,Eto ugl
04/10/2018,22:11:49,Me,Kaze cura da je ok
04/10/2018,22:11:54,Me,Jos da vidi slike
04/10/2018,22:11:57,Me,Moj ti je savjet
04/10/2018,22:12:03,Me,Malo to sreduckaj
04/10/2018,22:12:06,Me,Poslikaj
04/10/2018,22:12:13,Me,Da kazemo jos ce to biti lijepse
04/10/2018,22:12:26,Me,I da hajrujes bez da mrdnes mjesec
04/10/2018,22:12:32,Me,Malo bar
04/10/2018,22:12:58,Bakir Mob,Moram vidjet sa starom kad je planirala renovirat
04/10/2018,22:13:04,Bakir Mob,Skontat cu sutra
04/10/2018,22:13:10,Me,Au
04/10/2018,22:13:20,Me,Renovirat
04/10/2018,22:13:30,Me,Pa licil na nesto to sad?
04/10/2018,22:13:59,Bakir Mob,Ma lici bili su tu do neki dan postranari
04/10/2018,22:14:05,Bakir Mob,Nego stara konta malo osvjezit
04/10/2018,22:14:10,Me,Ma super
04/10/2018,22:14:17,Me,Hajde ba pricamo poslije
04/10/2018,22:14:23,Me,Ne znas koja je bolja tekma
04/10/2018,22:14:40,Bakir Mob,Haj haj
04/11/2018,12:38:37,Me,Boga mi kirba
04/11/2018,12:38:43,Me,Temperaturu fasovo
04/11/2018,12:38:47,Me,Gripa valjda
04/11/2018,12:39:05,Me,Imala berina
04/11/2018,12:39:10,Me,Pa valjda preslo
04/11/2018,12:44:45,Bakir Mob,E jbga haj vidjet cemo se iduce hefte
04/11/2018,12:45:00,Me,A stas
04/11/2018,12:45:15,Me,Ti mi onda te slike posalji da ih proslijedim
04/11/2018,12:45:28,Me,Ili ako hoces da te samo povezem s curom
04/11/2018,12:45:37,Me,Pa ti se sa njom
04/11/2018,12:45:42,Me,Kako hoces
04/11/2018,12:47:59,Bakir Mob,Haj slikat cu sta nabrzaka danas
04/11/2018,12:48:36,Me,Ne moras sve
04/11/2018,12:48:41,Me,Par najboljih slika
04/11/2018,12:48:49,Me,Pa uredjuj do maja
04/11/2018,12:49:10,Bakir Mob,Ma ja
04/11/2018,13:28:57,Me,"Ma nista, ne mogu ti obecati da idem 100%"
04/11/2018,13:29:05,Me,Idem u berlin poslije odmah
04/11/2018,13:29:09,Me,Na koncert
04/11/2018,13:29:13,Me,Pa cu tamo ostati
04/11/2018,13:29:38,Bakir Mob,Da te ne racunam onda
04/11/2018,13:29:46,Me,Ma ja
04/11/2018,13:29:54,Me,Ako nesto bude ono last minute
04/11/2018,13:30:04,Me,Javni mi
04/11/2018,13:30:13,Me,Mozda ne odem nigdje
04/11/2018,13:30:46,Bakir Mob,Valja
04/11/2018,20:26:06,Me,Jesi slikao ?
04/11/2018,20:50:18,Bakir Mob,Nisam jos bio
04/11/2018,20:50:27,Bakir Mob,Otic cu il vcrs il sutra
04/11/2018,21:17:20,Me,(like)
04/12/2018,18:31:09,Me,Proslijedio
04/12/2018,19:13:12,Me,Pita koliko ces mijenjati?
04/12/2018,19:13:20,Me,Da joj ne salje slike?
04/12/2018,19:15:20,Bakir Mob,Ma malo okrecit i to nista posebno
04/12/2018,19:15:30,Me,Ok
04/12/2018,19:15:36,Me,Eto vidi da zavrsis prije
04/12/2018,19:15:39,Me,Nje
04/12/2018,19:15:45,Bakir Mob,E jos mi datum saznaj tacan
04/12/2018,19:15:52,Bakir Mob,Imam jos neke varijante
04/12/2018,19:15:57,Bakir Mob,Pa da se mogu uklopit
04/12/2018,19:16:01,Me,Pa evo
04/12/2018,19:16:08,Me,Koliko ja znam tolko i ti
04/12/2018,19:16:11,Me,(happy)
04/20/2018,18:06:35,Me,Evo opet cevap fest u banja luci
04/20/2018,18:18:49,Bakir Mob,Ma nek ljudi uzimaju kes kad ja nisam
04/21/2018,14:20:00,Me,Kirba
04/21/2018,14:20:09,Me,Jel mozes pricati
04/21/2018,14:20:24,Bakir Mob,Mogu pisat
04/21/2018,14:20:36,Me,Imam ti jos studenata
04/21/2018,14:20:56,Me,Kazu odgovara im i ono tamo kod guinessa
04/21/2018,14:21:06,Me,Oni kreveti na krevet
04/21/2018,14:21:15,Me,Ili da ih i na taj drugi stan ako imas
04/21/2018,14:21:17,Me,Ubacimo
04/21/2018,14:21:38,Bakir Mob,Haj nazvat cu te malo kasnije
04/21/2018,14:21:43,Me,Hajde
04/21/2018,14:21:46,Bakir Mob,Samo da izadjem sa konferencije
04/21/2018,14:21:55,Me,Ok
04/22/2018,13:41:04,Me,Hoces dolaziti?
04/22/2018,14:00:43,Bakir Mob,E evo doso u daire sad
04/22/2018,14:00:48,Bakir Mob,Sa harunom
04/22/2018,14:00:51,Bakir Mob,Haj bujrum
04/22/2018,14:05:06,Me,Hajd
04/26/2018,00:06:45,Me,javi mi kad sutra mozes
04/26/2018,00:06:48,Me,da sjedemo
04/26/2018,00:06:52,Me,pricao sam i sa alijom
04/26/2018,00:07:05,Me,rekao sam mu da dodje ako hoce i on
04/26/2018,00:07:14,Me,on je rekao da si ti tu dovoljan
04/26/2018,00:07:19,Me,sreo ga slucajno danas
04/26/2018,00:07:24,Me,pa eto javi mi
04/26/2018,00:07:33,Bakir Mob,Popodne nekad
04/26/2018,00:07:44,Bakir Mob,Svejedno
04/26/2018,00:07:55,Me,ok
04/26/2018,00:08:00,Me,ja cu gledati oko 4
04/26/2018,00:08:11,Bakir Mob,Valja
04/26/2018,10:28:51,Me,Evo u 6
04/26/2018,10:31:21,Me,Moze li?
04/26/2018,10:34:42,Bakir Mob,Valja
04/26/2018,10:34:52,Bakir Mob,Samo se ti meni oko pola 6 javi
04/26/2018,10:35:00,Bakir Mob,Sad je ovo frka oko praga
04/26/2018,10:35:06,Bakir Mob,Da ne zaboravim
04/26/2018,10:35:13,Me,Vazi
04/26/2018,16:51:05,Me,Hej u 6 kod bbi ? Mogli smo u manolo ili carsija ?
04/26/2018,16:52:57,Bakir Mob,Haj ja sam u carsiji svakako imam posla oko praga
04/26/2018,16:53:06,Bakir Mob,Pa bi najbolje bilo vamo gdje
04/26/2018,16:58:43,Me,Eto daire
04/26/2018,16:58:45,Me,Morel
04/26/2018,16:58:46,Me,6
04/26/2018,17:36:12,Bakir Mob,Valja
04/26/2018,17:46:16,Me,Kirba ja cu zakasniti 5 min
04/26/2018,17:46:24,Me,Ona ce cekati u 6 ispod sebilja
04/26/2018,17:46:41,Me,Jer ne zna gdje su daire
04/26/2018,19:35:37,Me,Ako tebi bude trebalo pomoci oko stana
04/26/2018,19:35:47,Me,Finansijski ili fizicki
04/26/2018,19:35:52,Me,Slobodno javi
04/26/2018,19:36:04,Me,(like)
04/26/2018,19:36:46,Bakir Mob,E fala ti puno brate
04/26/2018,19:37:02,Bakir Mob,Eto otic cemo jedan dab aBd kad se ja vratim
04/26/2018,19:37:06,Bakir Mob,Ako budes tu
04/26/2018,19:37:15,Me,Moze
05/14/2018,23:02:49,Me,Kibi ribi
05/14/2018,23:02:52,Me,Dzes
05/14/2018,23:03:15,Bakir Mob,Evo kod scc
05/14/2018,23:06:23,Me,Ides kuci?
05/14/2018,23:08:20,Bakir Mob,Ma ja polazem sutra za vodica
05/14/2018,23:08:27,Bakir Mob,Pa da procitam sta
05/14/2018,23:08:34,Bakir Mob,Sta si konto
05/14/2018,23:09:15,Me,"Ma nista, mislio ako si negdje"
05/14/2018,23:09:20,Me,Vodica?
05/14/2018,23:09:25,Me,Za sarajevo?
05/14/2018,23:09:34,Me,To da arape deres?
05/14/2018,23:09:57,Bakir Mob,Ma da imam i radi agencije
05/14/2018,23:10:06,Bakir Mob,A i ovako kad naleti sta
05/14/2018,23:10:13,Bakir Mob,Kakav si sutra preko dana
05/14/2018,23:10:18,Bakir Mob,Da odemo do stana
05/14/2018,23:10:22,Bakir Mob,Oko podne
05/14/2018,23:10:30,Me,Pa moze
05/14/2018,23:10:39,Me,Trebal nesto uraditi ili?
05/14/2018,23:10:49,Bakir Mob,Ma jok da vidis
05/14/2018,23:10:55,Bakir Mob,Ako imas kakav prijedlog
05/14/2018,23:11:00,Bakir Mob,Sta bih jos mogi
05/14/2018,23:11:04,Me,Moze
05/14/2018,23:11:04,Bakir Mob,Mogo
05/14/2018,23:11:17,Bakir Mob,Eto zovem te onda
05/14/2018,23:11:41,Me,(like)
05/15/2018,16:19:31,Me,ne zva ti mene
05/15/2018,16:53:56,Bakir Mob,Halali ucio ovo danas
05/15/2018,16:54:01,Bakir Mob,Nisam stigo
05/15/2018,16:54:08,Bakir Mob,Evo polagali opsti
05/15/2018,16:54:25,Bakir Mob,Imam sarajevo u pola 8
05/15/2018,16:57:27,Me,Haha
05/15/2018,16:57:32,Me,Jest to cudno
05/15/2018,16:57:40,Me,Hajde sa srecom
05/22/2018,11:58:44,Me,jesmo rekli sutra ono?
05/22/2018,11:59:56,Bakir Mob,Moze iza podne nekad?
05/22/2018,12:00:17,Me,moze
05/22/2018,12:01:22,Bakir Mob,Eto taman
05/23/2018,11:55:26,Me,Kad si kontao?
05/23/2018,11:56:08,Bakir Mob,Hos oko 2
05/23/2018,11:56:26,Me,(like)
05/23/2018,13:24:17,Me,Hoces moci po kisi?
05/23/2018,13:25:17,Bakir Mob,Jel to pada tu
05/23/2018,13:25:36,Me,Pa gdje si to ti?
05/23/2018,13:25:41,Bakir Mob,Na grbavici
05/23/2018,13:25:46,Me,Aaaa
05/23/2018,13:25:53,Me,Pa pada
05/23/2018,13:26:01,Bakir Mob,Vamo nista
05/23/2018,13:26:11,Me,MoZda prodje
05/23/2018,13:26:15,Me,Ma nije meni belaj
05/23/2018,13:26:18,Me,Ja sam iz kuce
05/23/2018,13:26:19,Bakir Mob,Pa haj hos pola 3
05/23/2018,13:26:22,Me,Mogu kisober
05/23/2018,13:26:27,Me,Kontam ti negdje
05/23/2018,13:26:30,Bakir Mob,Nek se smiri
05/23/2018,13:26:33,Me,Moze hajde
05/23/2018,14:05:55,Me,Gdje se nadjemo?
05/23/2018,14:06:15,Bakir Mob,Hos kod poste
05/23/2018,14:06:18,Bakir Mob,Na drveniji
05/23/2018,14:06:22,Bakir Mob,Svejedni
05/23/2018,14:06:23,Me,Moze
05/23/2018,14:06:38,Me,Stala je evo
05/23/2018,14:06:43,Me,Samo javi kad krenes
05/23/2018,14:14:48,Bakir Mob,Eo cekam tranvaj
05/23/2018,14:14:56,Me,Ok
05/23/2018,14:17:17,Bakir Mob,Kreno
05/23/2018,14:17:24,Bakir Mob,Haj na drveniji cu izac
05/23/2018,14:17:31,Me,Ok
05/24/2018,01:14:22,Me,Ne dodje ti
05/24/2018,01:14:26,Me,Po racune
05/24/2018,01:15:15,Bakir Mob,Aa zaboravio hljeba mi
05/24/2018,01:15:25,Bakir Mob,Neka ih s tobom
05/24/2018,01:15:35,Bakir Mob,Doc cu iza podne sutra
05/24/2018,01:15:45,Me,Ma ok
05/24/2018,01:15:50,Me,(like)
05/24/2018,13:47:16,Bakir Mob,Jesi kuci
05/24/2018,13:47:28,Me,Jesam
05/24/2018,13:47:43,Bakir Mob,Haj doc cu za po sata
05/24/2018,13:47:50,Me,Hajde
05/25/2018,12:43:39,Bakir Mob,E role
05/25/2018,12:44:00,Bakir Mob,Ko docekuje te ljude u Sa
05/25/2018,12:55:39,Me,Oni valjda
05/25/2018,12:55:42,Me,Sto?
05/25/2018,12:56:07,Bakir Mob,Kontam kako ce me kontaktirat
05/25/2018,12:56:36,Me,Pa valjda preko mene
05/25/2018,12:56:56,Me,Al dat cu im sad tvoj bro
05/25/2018,12:56:57,Me,J
05/25/2018,12:57:06,Me,Pa da te nazovu prije
05/25/2018,12:58:57,Bakir Mob,Valja
05/25/2018,15:13:22,Me,Sutra
05/25/2018,15:13:24,Me,Dolazi
05/25/2018,15:13:29,Me,"Oko 12,1"
05/25/2018,15:15:33,Bakir Mob,E mjera
05/26/2018,11:36:20,Me,Giulia moschini
05/26/2018,11:36:24,Me,(happy)
05/26/2018,11:37:07,Bakir Mob,Hahaha
05/26/2018,11:37:19,Bakir Mob,Oko 2 je tu znaci
05/26/2018,11:37:26,Bakir Mob,Imal moj broj
05/26/2018,11:38:12,Me,Dao sam im
05/26/2018,11:38:51,Bakir Mob,Ma otic cu ja tamo pa sacekat
05/26/2018,11:38:54,Bakir Mob,Sta cu
05/26/2018,11:42:32,Me,Ma u najgorem
05/26/2018,11:42:34,Me,Javim ti ja
05/26/2018,11:42:58,Me,Poslali su joj br kao kontakt
05/26/2018,11:43:43,Bakir Mob,Dolazi ona sa starcima jelde
05/26/2018,11:43:55,Me,Ma ja
05/26/2018,11:45:10,Bakir Mob,Znas li cime idu
05/26/2018,11:50:42,Me,Autom
05/26/2018,11:51:04,Bakir Mob,E gdje ce parkirat to je umjetnost
05/26/2018,11:51:44,Bakir Mob,Radis ti sta panetno
05/26/2018,11:59:51,Me,Evo zavrsio stranicu
05/26/2018,11:59:58,Me,Rekla ona da u ponedeljak
05/26/2018,12:00:01,Me,Predaje
05/26/2018,12:00:08,Me,Pa joj moram objasnjavati danas
05/26/2018,12:01:01,Me,Evo ti stranica
05/26/2018,12:01:19,Me,Ako ti kad secer bude problem stvarao
05/26/2018,12:01:21,Me,(wink)
05/26/2018,12:01:53,Me,"[{""iOS_bundleImageName"":null,""ImageUrl"":""https:\/\/diabetishealth.000webhostapp.com\/photos\/drop2.png"",""Action"":{""name"":""openurl"",""parameters"":{""url"":""https:\/\/diabetishealth.000webhostapp.com""}},""ImageType"":""regular"",""iOS_imageContentMode"":1,""DownloadID"":null,""iOS_imageFormat"":null,""iOS_ShowPlayButton"":false,""Width"":1,""iOS_isEmbeddedVideoURL"":false,""Type"":""img"",""DisplayWidth"":400,""BucketName"":null,""iOS_HighlightOnTap"":true,""DisplayHeight"":400},{""HighlightLinks"":false,""MaxLinesNumber"":2,""Underline"":true,""Action"":{""name"":""openurl"",""parameters"":{""url"":""https:\/\/diabetishealth.000webhostapp.com""}},""Bold"":false,""Width"":1,""HighlightEmoticons"":true,""Type"":""txt"",""Size"":2,""Color"":""1470418"",""iOS_HighlightOnTap"":true,""Text"":""DiaHealth"",""Italic"":false},{""HighlightLinks"":false,""MaxLinesNumber"":0,""Underline"":false,""Action"":{""name"":""openurl"",""parameters"":{""url"":""https:\/\/diabetishealth.000webhostapp.com""}},""Bold"":false,""Width"":1,""HighlightEmoticons"":true,""Type"":""txt"",""Size"":1,""Color"":""8553090"",""iOS_HighlightOnTap"":false,""Text"":""diabetishealth.000webhostapp.com"",""Italic"":false},{""Commands"":[{""name"":""ios_send_json_message"",""parameters"":{""mediaType"":""url"",""platform_key"":""ios"",""info"":""{\""ThumbnailWidth\"":0,\""ThumbnailHeight\"":0,\""URL\"":\""https:\\\/\\\/diabetishealth.000webhostapp.com\"",\""ContentType\"":\""text\\\/html\"",\""Type\"":\""default\"",\""Title\"":\""DiaHealth\"",\""ThumbnailContentType\"":\""image\\\/png\"",\""ThumbnailURL\"":\""https:\\\/\\\/diabetishealth.000webhostapp.com\\\/photos\\\/drop2.png\"",\""ContentLength\"":7406,\""Text\"":\""https:\\\/\\\/diabetishealth.000webhostapp.com\""}""}},{""name"":""copy"",""parameters"":{""str"":""https:\/\/diabetishealth.000webhostapp.com""}},{""name"":""ios_forward_json_message"",""parameters"":{""mediaType"":""url"",""info"":""{\""ThumbnailWidth\"":0,\""ThumbnailHeight\"":0,\""URL\"":\""https:\\\/\\\/diabetishealth.000webhostapp.com\"",\""ContentType\"":\""text\\\/html\"",\""Type\"":\""default\"",\""Title\"":\""DiaHealth\"",\""ThumbnailContentType\"":\""image\\\/png\"",\""ThumbnailURL\"":\""https:\\\/\\\/diabetishealth.000webhostapp.com\\\/photos\\\/drop2.png\"",\""ContentLength\"":7406,\""Text\"":\""https:\\\/\\\/diabetishealth.000webhostapp.com\""}"",""ios_forward_flags"":1,""platform_key"":""ios""}}],""Type"":""cmd"",""Width"":1},{""ios_URLMessageWithDirectLinkToGIF"":false,""ios_realMediaType"":""url"",""PreviewText"":""diabetishealth.000webhostapp.com"",""TrackingData"":null,""FmType"":null,""PushText"":""https:\/\/diabetishealth.000webhostapp.com"",""PreviewTextIndex"":null,""PushTextIndex"":null,""Width"":1,""ios_slashKeyTracking"":null,""ios_embeddedMediaUrlType"":0,""Type"":""info"",""OnClick"":null,""ios_GroupPushText"":null,""ios_shouldBeProcessed"":false}]"
05/26/2018,12:03:03,Bakir Mob,Dobro ti je ovo zivota mi
05/26/2018,12:03:13,Bakir Mob,Za dzaba
05/26/2018,12:03:16,Bakir Mob,Svaka cast
05/26/2018,12:03:18,Me,Bakire
05/26/2018,12:03:23,Me,Kad sam ja bio los
05/26/2018,12:03:26,Me,I u cemu?
05/26/2018,12:03:51,Bakir Mob,U duelima na metalcu
05/26/2018,12:04:01,Bakir Mob,Protiv brata od ove cure
05/26/2018,12:06:54,Me,Haha
05/26/2018,12:07:06,Me,Priznat cete vi
05/26/2018,12:07:08,Me,Kad tad
05/26/2018,12:07:14,Me,Da sam ja najbolje igrao
05/26/2018,12:07:19,Me,Sto su vase oci
05/26/2018,12:07:21,Me,Vidjele
05/26/2018,12:07:48,Bakir Mob,Nije hica tek su ti 24
05/26/2018,21:02:46,Me,Jel sve ok?
05/26/2018,21:02:49,Me,Bilo?
05/26/2018,21:26:49,Bakir Mob,E jest smjestila se
05/26/2018,21:26:52,Bakir Mob,Normala sve
05/26/2018,21:27:20,Me,E super
05/26/2018,21:27:23,Me,Bas mi je drago
05/26/2018,21:27:29,Me,Nisi cekao puno nisi?
05/26/2018,21:27:45,Bakir Mob,Ma nisam bio u stanu
05/26/2018,21:28:16,Me,Ma dobro
05/26/2018,21:28:20,Me,Ugl dobro sve
05/26/2018,21:29:02,Bakir Mob,Haha kaze ejla mi je rekla na kraju mjeseca se placa
05/26/2018,21:29:13,Bakir Mob,Reko pogresno ti je rekla
05/26/2018,21:29:17,Bakir Mob,Sutra kes
05/26/2018,21:29:27,Me,Hahahah
05/26/2018,21:29:37,Me,Jel rekla ok?
05/26/2018,21:29:50,Bakir Mob,Ma jest
05/26/2018,21:29:58,Me,Ma dobro
05/26/2018,21:30:07,Me,Vidis nismo ni presli to
05/26/2018,21:31:29,Bakir Mob,Samo sam se zajebo onoj brazilki cu morat uzet vise
05/26/2018,21:31:39,Bakir Mob,Ona je haman 2 mjeseca
05/26/2018,21:32:44,Me,Pa i pricali smo o mjesecnoj naplati
05/26/2018,21:32:50,Me,2 mjeseca
05/26/2018,21:32:58,Me,= 2*350
05/26/2018,21:33:37,Bakir Mob,Ma ja eto ona ce mjesec i 20 dana
05/26/2018,21:33:42,Bakir Mob,550
05/26/2018,21:33:49,Me,Ma ja
05/26/2018,21:33:53,Me,Malo spusti i eto
05/26/2018,21:34:00,Me,Jao bio sam danas na paintballu
05/26/2018,21:34:07,Me,Jao jes ono dobro
05/26/2018,21:34:11,Me,Znaci wow
05/26/2018,21:35:19,Bakir Mob,Nisam bio
05/26/2018,21:35:23,Bakir Mob,Treba to probat
05/26/2018,21:35:27,Me,Obavezno
05/26/2018,21:35:29,Me,Boga mi
05/26/2018,21:44:55,Me,Ovdje hdje smo mi bili
05/26/2018,21:45:00,Me,Platis 25 po osobi
05/26/2018,21:45:07,Me,Citav dan imas vremena
05/26/2018,21:45:12,Me,Nema termina
05/26/2018,21:45:21,Me,200 metaka dobijes
05/26/2018,21:45:21,Bakir Mob,Gdje je to
05/26/2018,21:45:28,Me,100 metaka 7 km
05/26/2018,21:45:31,Me,Dopuna
05/26/2018,21:45:46,Me,A ima opcija da platis 40 po glavi
05/26/2018,21:45:58,Me,On ti rostilj pravi i pica obezbjedi
05/26/2018,21:46:11,Me,"Ti se rokas kad hoces, odmaras kad hoces"
05/26/2018,21:46:18,Me,Tamo negdje iznad stupa
05/26/2018,21:46:21,Me,Doglodi
05/26/2018,21:46:28,Bakir Mob,Aha aha cuo sam
05/26/2018,21:47:05,Me,Nisu one puskice za paintball
05/26/2018,21:47:13,Me,Vec one prave
05/26/2018,21:47:15,Me,Emke
05/26/2018,21:47:30,Bakir Mob,Joj nalozit cu se da sam fikret
05/26/2018,21:47:51,Me,Ja se nafuraoooooo
05/26/2018,21:47:59,Me,Malo je rec
05/26/2018,21:48:07,Bakir Mob,Otkud ti sa ovim posvudusama
05/26/2018,21:48:13,Me,Vidis puske
05/27/2018,18:27:11,Bakir Mob,Hos na iftar u evropu
05/27/2018,18:27:14,Bakir Mob,U srijedu
05/27/2018,19:40:21,Me,Cuj?
05/27/2018,19:40:55,Bakir Mob,Ma ja za ekonomiju ja pravim
05/27/2018,19:41:16,Me,A citav fax?
05/27/2018,19:42:28,Me,Za citav fax?
05/27/2018,19:43:14,Me,Ne moze stati to
05/27/2018,19:44:23,Me,Tek sam se probudio
05/27/2018,19:44:35,Me,Ne znam sta pricam
05/27/2018,19:45:20,Bakir Mob,Ma 100 ljudi ba
05/27/2018,19:45:29,Bakir Mob,Sine ekonomija ima preko 3 milje
05/27/2018,19:45:31,Bakir Mob,Hahaha
05/27/2018,19:45:40,Me,Ma to te pitam
05/27/2018,19:45:58,Me,To onako ili?
05/27/2018,19:46:23,Bakir Mob,Prosle godine sam ja to pokreno
05/27/2018,19:46:30,Bakir Mob,Pa i ove kemo uplatio
05/27/2018,19:46:37,Me,Ma moze moze
05/27/2018,19:46:42,Me,Super
05/27/2018,19:46:52,Bakir Mob,Da te racunam sa strabe
05/27/2018,19:46:56,Bakir Mob,Strane
05/27/2018,19:46:59,Me,(like)
05/30/2018,11:41:41,Me,Jel danas ono
05/30/2018,11:41:45,Me,Kako sta
05/30/2018,11:42:00,Me,Dodatne ifo neke?
05/30/2018,12:44:26,Bakir Mob,Ma dodji prije 8 kod evrope
05/30/2018,12:44:30,Bakir Mob,Dat cu ti
05/30/2018,12:44:37,Bakir Mob,Pozivnicu
05/30/2018,12:44:51,Me,Hajd ok
05/30/2018,12:44:59,Me,Treba li ti sta pomoci?
05/30/2018,12:45:43,Bakir Mob,Ma jok bio sam ja jucer napravio razmjestaj
05/30/2018,12:45:45,Bakir Mob,To je to
05/30/2018,12:46:13,Me,Ok
05/30/2018,12:46:16,Me,Hajde vidimo se
05/30/2018,12:46:24,Me,Nije to nista formalno jel tako
05/30/2018,12:47:57,Bakir Mob,Smoking
05/30/2018,12:48:12,Bakir Mob,Nemoj u majici da mi bahnes
05/30/2018,12:48:17,Me,Ma daj
05/30/2018,12:48:20,Me,Ozbiljno?
05/30/2018,12:48:28,Me,Mozel kako smoking i majca?
05/30/2018,12:48:43,Bakir Mob,To na tebe lici
05/30/2018,12:48:47,Bakir Mob,I sorc
05/30/2018,12:48:53,Bakir Mob,Cikago buls
05/30/2018,12:51:54,Me,Dobro
05/30/2018,12:51:55,Me,Shvati
05/30/2018,12:51:57,Me,O
05/30/2018,12:52:01,Me,Casual formalno
05/30/2018,16:48:11,Me,Kad rece da trebam biti?
05/30/2018,16:48:21,Me,Imam u 6 predavanja na faxu
05/30/2018,16:59:13,Bakir Mob,U 8
05/30/2018,17:04:44,Me,U 8 ispred
05/30/2018,17:04:47,Me,Ok vidimo se
05/30/2018,19:59:05,Me,Dze da idem
05/30/2018,19:59:13,Me,Kudaaa
05/30/2018,19:59:21,Me,Gdje je hrana
05/30/2018,20:00:09,Me,Lazni organizatoru
05/30/2018,20:00:56,Bakir Mob,Dje si klocu
06/15/2018,06:10:34,Me,Bajrambarecola
06/15/2018,06:10:37,Me,Sve najbolje
06/15/2018,06:10:38,Me,(happy)
06/15/2018,12:01:21,Bakir Mob,"Allah razi olsun, puno zdravlja tebi i tvojim najblizim ðŸ˜ƒ"
06/23/2018,16:50:16,Bakir Mob,Sta ovo ti gledas
06/23/2018,16:50:20,Bakir Mob,Bog ti pomogo
06/23/2018,16:58:31,Me,Hahaha
06/23/2018,16:58:47,Me,Pravio stranicu za kliniku za estetsku hirurgiju
06/28/2018,17:56:59,Me,Prekosutr ti dolazi tunizanin
06/28/2018,17:58:11,Me,Jesi ispratio talijanku?
06/28/2018,19:25:37,Bakir Mob,Jesam al moram ga negdje smjestit
06/28/2018,19:25:44,Bakir Mob,Nema mjesta gore
06/28/2018,19:25:54,Bakir Mob,Dala stara nekom hodzi
06/28/2018,19:25:59,Bakir Mob,Sutra se useljava
06/28/2018,19:30:39,Me,Ma daj?
06/28/2018,19:30:43,Me,Auu
06/28/2018,19:30:57,Me,Pa zar nismo skontali u onaj stan i njega i brazilku?
06/28/2018,19:31:06,Me,Kako ces sad njih 2
06/28/2018,19:31:20,Bakir Mob,Ma evo cekam da mi muha javi
06/28/2018,19:31:26,Bakir Mob,Ima on na carsiji
06/28/2018,19:31:32,Bakir Mob,Skontat cu
06/28/2018,19:31:39,Bakir Mob,A onaj mi je dole od 15og
06/28/2018,19:31:46,Bakir Mob,Gdje je turkinja
06/28/2018,19:32:46,Me,sto ti stara izbi 700 km ?
06/28/2018,19:33:08,Bakir Mob,Ma izletio joj on valjda ce duze biti
06/28/2018,19:33:37,Me,pa hajde
06/28/2018,19:33:44,Me,eto skontaj za 2
06/28/2018,19:34:31,Me,javim ti ja kad oni dolaze
06/28/2018,19:34:52,Me,a ti mi javi lokacijju
06/28/2018,19:35:05,Me,da oni mogu doci do tebe
06/28/2018,19:35:19,Bakir Mob,Oko pola 1 mi rece ejla u subotu
06/28/2018,19:35:37,Me,a cujes se ti s njom
06/28/2018,19:35:40,Me,e pa super onda
06/28/2018,19:35:57,Me,"hajde, pa mozemo na kafu sjest poslije"
06/28/2018,19:36:02,Me,prosao ramazan
06/28/2018,19:36:04,Me,konacno
06/28/2018,19:36:05,Bakir Mob,Ma ja da gdje ne zaluta
06/28/2018,19:36:15,Bakir Mob,Haj popodne nekad
06/28/2018,19:36:20,Bakir Mob,Iza 5 kad hos
06/28/2018,19:36:24,Me,(like)
06/30/2018,12:22:10,Me,Jesi se dog sve?
06/30/2018,12:32:05,Bakir Mob,Skobto sam jedva
06/30/2018,12:32:13,Bakir Mob,Bit ce 3 noci u hostelu
06/30/2018,12:32:18,Bakir Mob,Pa ide u 1 stan
06/30/2018,12:32:50,Me,Ma hajde
06/30/2018,12:32:52,Me,Nije ni bitno
06/30/2018,12:32:57,Me,Samo da ima gdje spavati
06/30/2018,12:33:04,Me,Kad stize danas?
06/30/2018,12:33:32,Bakir Mob,U pola 1 sad slijece
06/30/2018,12:33:42,Bakir Mob,Haj ako si free
06/30/2018,12:33:46,Bakir Mob,Bit cu u gradu
06/30/2018,12:33:55,Me,Prije ili poslije?
06/30/2018,12:35:22,Me,A sad je pola 1
06/30/2018,12:35:33,Bakir Mob,Evo me na skenderiji
06/30/2018,12:35:37,Bakir Mob,Sjest cu negdje
06/30/2018,12:35:45,Me,Pa moze hajde
06/30/2018,12:35:45,Bakir Mob,Da me nazovu kad dodju
06/30/2018,12:35:53,Me,Pokupi me onda
06/30/2018,12:36:16,Bakir Mob,Haj spremi seza 3 min sam tu
06/30/2018,19:09:19,Me,Dje se ide
06/30/2018,19:14:40,Bakir Mob,Ne znam nisu me jos zvali
06/30/2018,19:14:47,Bakir Mob,Oko pola 9 vjerovatno
06/30/2018,19:15:25,Me,Sta pola9
06/30/2018,19:15:29,Me,Pa u 8 utakmica
06/30/2018,19:16:00,Bakir Mob,A ja
06/30/2018,19:16:25,Bakir Mob,E ne znam dzonko je vjerovatno prvi
06/30/2018,19:24:50,Me,Hajde vidi jesu li igdje sjeli
06/30/2018,19:24:56,Me,Pasic kaze da ce kasniti
06/30/2018,19:25:02,Me,Pa da odem na vrijeme
06/30/2018,19:27:19,Bakir Mob,Pa hajde u 8 dodji u trgovke
06/30/2018,19:27:35,Bakir Mob,Pa cemo vidjeti gdje valja
06/30/2018,19:27:49,Me,Trgivke?
06/30/2018,19:28:43,Bakir Mob,Damask selfi prolaz
06/30/2018,19:28:51,Me,Aa ok
06/30/2018,19:28:53,Me,Hajde
07/01/2018,11:47:05,Me,Kirba
07/01/2018,11:47:13,Me,Ko je sada u hostelu
07/01/2018,11:47:27,Me,Zamjenit cemo tunizanina i indijca
07/01/2018,11:47:37,Me,Pristali su oni
07/01/2018,11:47:45,Me,Zbog lokacija posla im je bolje
07/01/2018,11:47:52,Me,Sve ostaje isto
07/01/2018,11:47:56,Me,Placanje i sve
07/01/2018,11:48:04,Me,Samo cemo ih zamjeniti sad u 1
07/01/2018,11:48:30,Me,Pa rekoh ko je sad tamo
07/01/2018,11:49:27,Bakir Mob,+38761311087
07/01/2018,11:49:31,Bakir Mob,Bule
07/01/2018,11:49:43,Me,Ma super
07/01/2018,11:50:31,Bakir Mob,Nazovi ga samo tu je on negdje
07/01/2018,11:50:44,Me,Ok ok
07/01/2018,12:22:36,Bakir Mob,Propalo je ono socijalno
07/01/2018,12:22:47,Bakir Mob,Ne mjenjaj jos nista
07/01/2018,12:22:51,Bakir Mob,Trazim novi
07/01/2018,12:24:34,Me,Ma sad sam s buletom pricao
07/01/2018,12:24:53,Me,Isto mi dodje
07/01/2018,12:25:01,Bakir Mob,Evo nasao sam ba carsiji neku kombinaciju
07/01/2018,12:25:06,Bakir Mob,Goni ih u pm
07/01/2018,12:25:12,Me,Samo njih 2 mjenjam
07/01/2018,12:25:50,Me,Isto sve ostaje
07/01/2018,12:28:32,Bakir Mob,Sad cu ja u grad da to vidim pa te zovem ako hoces
07/01/2018,12:28:38,Bakir Mob,Jel indijac isto ostaje
07/01/2018,12:28:43,Bakir Mob,I 450
07/01/2018,12:44:50,Me,Ostaje isto
07/01/2018,12:44:55,Me,Mozda cak sedmicu manje
07/01/2018,12:44:58,Me,Placa isto
07/01/2018,12:45:43,Bakir Mob,Oke
07/02/2018,10:33:09,Me,Kirba
07/02/2018,10:33:26,Me,Imas li br od onog vlasnika stana
07/02/2018,10:33:38,Me,Ovaj indijac ne moze toplu vodu da upali
07/02/2018,10:33:40,Me,Hahaha
07/02/2018,10:33:50,Me,Ne zna gdjr se bojler pali
07/02/2018,10:37:33,Bakir Mob,Svico skim ja radim
07/02/2018,10:37:36,Bakir Mob,061 544 421
07/02/2018,10:38:32,Me,(like)
07/04/2018,19:37:27,Bakir Mob,E jesi vidio sta za august croatia
07/04/2018,19:46:58,Me,Nisam
07/04/2018,19:47:00,Me,Sta?
07/04/2018,19:47:04,Me,Aaa
07/04/2018,19:47:05,Me,Ono
07/04/2018,19:47:18,Me,Ma nisam dalje propitkivao
07/04/2018,19:47:40,Bakir Mob,Pa haj kad ti bude na ruku
07/04/2018,19:47:51,Me,Evo sad bas staru pitam
07/04/2018,19:47:55,Me,Kaze i ona ne zna
07/04/2018,19:48:02,Me,Ali da ce oni tad nekad
07/04/2018,19:48:06,Bakir Mob,Ovo izadje preskupa zajebancija
07/04/2018,19:48:15,Bakir Mob,Da odustanem na vakat
07/04/2018,19:48:22,Me,Sto?
07/04/2018,19:48:27,Me,Koliko vas izadje
07/04/2018,19:48:37,Bakir Mob,Ma smjestaj 170
07/04/2018,19:48:50,Bakir Mob,Onda bi 2 morala sa busem ici
07/04/2018,19:48:59,Bakir Mob,Petoba ovdje hrane i toga
07/04/2018,19:49:08,Bakir Mob,300 samo sto sam dosao
07/04/2018,19:49:15,Bakir Mob,Tamo trosit
07/04/2018,19:49:26,Me,Pa jebiga tako je i uvijek
07/04/2018,19:49:54,Bakir Mob,Ma znam kad sam stavio na papir ne vrijedi mi vala
07/04/2018,19:50:20,Me,Ma mozemo ja i ti naletiti do njih bolan
07/04/2018,19:50:26,Me,3-4 dana
07/04/2018,19:50:31,Me,I vratimo se
07/04/2018,19:50:43,Me,Neka njih 7
07/04/2018,19:50:45,Me,Dana
07/04/2018,19:50:50,Bakir Mob,Ma opet glupo ljudi plate
07/04/2018,19:50:59,Bakir Mob,A i nema se gdje trpat
07/04/2018,19:51:25,Bakir Mob,Malo je to skroz
07/04/2018,19:51:45,Me,Pa hajde
07/04/2018,19:51:48,Me,Kako hoces
07/04/2018,19:52:03,Bakir Mob,Ma hajde skontat cemo
07/06/2018,22:03:02,Me,"[{""HighlightLinks"":true,""MaxLinesNumber"":0,""Underline"":false,""Bold"":false,""Width"":1,""HighlightEmoticons"":true,""Type"":""txt"",""Size"":2,""Color"":""3289650"",""iOS_HighlightOnTap"":false,""Text"":""https:\/\/www.facebook.com\/anaclaudia.ribeirolemos"",""Italic"":false},{""Commands"":[{""name"":""ios_send_as_plain_text_json_message"",""parameters"":{""platform_key"":""ios"",""info"":""https:\/\/www.facebook.com\/anaclaudia.ribeirolemos""}},{""name"":""copy"",""parameters"":{""str"":""https:\/\/www.facebook.com\/anaclaudia.ribeirolemos""}},{""name"":""ios_forward_json_message"",""parameters"":{""ios_forward_flags"":1,""platform_key"":""ios"",""info"":""https:\/\/www.facebook.com\/anaclaudia.ribeirolemos""}}],""Type"":""cmd"",""Width"":1},{""ios_URLMessageWithDirectLinkToGIF"":false,""ios_realMediaType"":""url"",""PreviewText"":""https:\/\/www.facebook.com\/anaclaudia.ribeirolemos"",""TrackingData"":null,""FmType"":null,""PushText"":""https:\/\/www.facebook.com\/anaclaudia.ribeirolemos"",""PreviewTextIndex"":null,""PushTextIndex"":null,""Width"":1,""ios_slashKeyTracking"":null,""ios_embeddedMediaUrlType"":0,""Type"":""info"",""OnClick"":null,""ios_GroupPushText"":null,""ios_shouldBeProcessed"":false}]"
07/08/2018,10:40:49,Me,Ma stici cemo kirba
07/08/2018,10:41:01,Me,Ja to samo nadira da nas vuce
07/08/2018,10:41:15,Bakir Mob,Ma nece
07/08/2018,10:41:20,Bakir Mob,Necu ga molit
07/08/2018,10:41:37,Me,Ma znam
07/08/2018,10:41:41,Bakir Mob,A nema teorije bez auta
07/08/2018,10:41:46,Bakir Mob,I sa autom je knap
07/08/2018,10:41:56,Me,Ma taxi do tamo
07/08/2018,10:42:00,Me,I na tramvaj
07/08/2018,10:42:04,Me,Do vjecnice
07/08/2018,10:42:11,Me,Stvari ponesi
07/08/2018,10:42:12,Me,I eto
07/08/2018,10:43:16,Bakir Mob,"Ma bjezi ba sad je taksi poskupio 7 maraka od carsije do mene, ima do otoke jos tolko"
07/08/2018,10:43:38,Bakir Mob,Dovoljno je da ona zakasni 10 minuta ne moze ti ni taksi ni auto pomoc
07/08/2018,10:46:04,Me,Kirba od stanice do cvile
07/08/2018,10:47:15,Bakir Mob,U 4 i 10 ona dolazi
07/08/2018,10:47:24,Bakir Mob,Nemoguce je
07/08/2018,10:47:36,Bakir Mob,Kako god okrenes
07/08/2018,10:47:41,Me,Aa pa jeboga ti
07/08/2018,10:47:55,Me,Ko kaze da moramo doci tacno u 15 do 5
07/08/2018,10:48:24,Bakir Mob,Ma neces doc ni u 5
07/08/2018,10:48:40,Bakir Mob,Kazem ti ona moze zakasnit mali nije ovo japan
07/08/2018,10:48:59,Bakir Mob,Malo*
07/08/2018,10:49:06,Bakir Mob,I ode sve u om
07/08/2018,10:49:08,Bakir Mob,Pm
07/08/2018,11:00:22,Me,Vidi s vlasnikom za kljuceve
07/08/2018,11:57:47,Me,"Eh sto sam se trudio da stignem, trudio sam se"
07/08/2018,11:58:46,Bakir Mob,Ma sto se peglas dzaba svakako ce taj termin ziviti jednom ili dvaput
07/08/2018,11:59:03,Me,"Ako izleti da neko drugi pokupi i odvede ovu curu danas, mozemo pokupiti pare u ponedeljak"
07/08/2018,11:59:12,Me,Ako hoces
07/08/2018,11:59:24,Me,Al ako se neko javi od ovih iz org
07/08/2018,12:00:19,Bakir Mob,Ma moze sto se mene tice al je jebeno oko para
07/08/2018,12:00:47,Me,Ma to je najmanji problem
07/08/2018,12:00:52,Me,Niko ne zna gazdu
07/08/2018,12:01:07,Me,Ja kazem ponesite pare i dajte meni
07/08/2018,12:01:10,Me,I to je to
07/08/2018,12:01:25,Me,Samo da neko drugi ode
07/08/2018,12:01:39,Bakir Mob,Ako mislis da moze eto vidi
07/08/2018,12:32:36,Me,Gdje si?
07/08/2018,12:32:44,Me,Hoces ranije na kafu da odemo
07/08/2018,12:32:45,Me,?
07/08/2018,12:37:39,Bakir Mob,E ne mogu moram do sestre kasnije nekad
07/08/2018,12:37:52,Bakir Mob,Jesu ti sta javili
07/08/2018,12:38:19,Me,Javljaju se da nisu u sarajevu
07/08/2018,12:39:17,Me,"Nista, ako bude ovo onda, nadjemo se u 4 tamo?"
07/08/2018,12:39:17,Bakir Mob,Niko hahaha
07/08/2018,12:39:32,Me,Ma ima ih troje ukupno
07/08/2018,12:39:54,Bakir Mob,Ma nema druge jbga ako nema njih moramo mi
07/08/2018,12:40:08,Me,U 4 tamo?
07/08/2018,12:40:21,Bakir Mob,Moze
07/08/2018,12:41:45,Me,"Ponesi stvari molim te sa sobom za termin, ako sve bude po planu stici cemo, ako ne, ja cu ti nositi ruksak"
07/08/2018,12:43:09,Bakir Mob,Ma bolan sve da je u minutu nemoguce je za pola sata sve povezati
07/08/2018,12:43:25,Bakir Mob,Vidis da se ovo iz inata igra a svi vide da je nigdje veze
07/08/2018,12:55:27,Me,Ma znam
07/08/2018,12:55:34,Me,Al svejedno mi se igra
07/08/2018,12:56:20,Bakir Mob,Ma volio bih se i ja istrcati malo
07/08/2018,12:56:42,Bakir Mob,Al i da stignes sto je nemoguce oni zvali druge ljude tu do debil dodjes
07/08/2018,12:57:43,Me,Ma sta me briga
07/08/2018,12:57:49,Me,Ja cu doci kako god
07/08/2018,12:57:55,Me,Mijenjat cu se s nekim
07/08/2018,12:58:14,Me,Dzonko ce igrati
07/08/2018,12:58:17,Me,Pobogu
07/08/2018,12:58:31,Me,Izmjenu napravim i eto
07/08/2018,12:59:01,Me,Svejedno cu poslije sjesti s njima
07/08/2018,13:31:13,Me,"Erole, ako se niko ne javi, napiÅ¡i Brazilki da sjedne negdje blizu, da mi poÅ¡alje gdje je i da Ä‡u je pokupiti kroz sat, sat i po.Ali probaj nagovoriti nekoga molim te. I podsjeti me na adresu i sprat"
07/08/2018,13:31:26,Me,Hocemo li momka pustiti?
07/08/2018,13:32:15,Bakir Mob,Kako hoces
07/08/2018,13:32:18,Me,Nek uzme pare i da nam u pon
07/08/2018,13:32:27,Me,Hoces?
07/08/2018,13:32:36,Bakir Mob,Ma moze
07/08/2018,13:32:43,Bakir Mob,Samo mu reci za onu stoju
07/08/2018,13:33:02,Bakir Mob,Dajal lami
07/08/2018,13:33:07,Bakir Mob,Dalaj*
07/08/2018,13:44:14,Me,I posalji mi br vlasnika
07/08/2018,13:46:36,Bakir Mob,061 544 421
07/08/2018,13:46:55,Bakir Mob,Indijac izvuko nako crijevo iz masine za ves sinoc
07/08/2018,13:47:02,Bakir Mob,Zeni ispod poplavilo
07/08/2018,13:47:03,Me,Hahhahahahaha
07/08/2018,13:47:18,Bakir Mob,E u sta ze uvalih
07/08/2018,13:47:22,Bakir Mob,Majko draga
07/08/2018,13:47:24,Me,Ahahahahhaahahhahaahah
07/08/2018,13:47:32,Bakir Mob,Pisi onda tamo da cemo igrat
07/08/2018,13:47:50,Bakir Mob,Nek ide sve u pm
07/08/2018,13:48:10,Me,Toooo bebooo
07/08/2018,13:48:48,Me,Jel ima 2 kljuca vlasnik?
07/08/2018,13:49:04,Me,Da mu samo pokuca onda?
07/08/2018,13:49:14,Bakir Mob,"Ima, ako je indijac kuci dat ce njemu,  ako nije kod njega je"
07/08/2018,13:49:21,Bakir Mob,Reci malom da uzme pare i donese nama
07/08/2018,13:49:42,Me,On je rekao sad da ce ostaviti pare njoj haha
07/08/2018,13:50:00,Bakir Mob,Moze i tako
07/08/2018,13:50:05,Bakir Mob,Pa cemo mi uzet sutra
07/08/2018,13:50:08,Bakir Mob,I dat gazdi
07/08/2018,13:50:22,Me,Ma ja
07/08/2018,14:41:00,Me,Hoces ranije vamo ?
07/08/2018,14:42:52,Bakir Mob,Ne mogu prije 4
07/11/2018,14:06:39,Me,Mi ne odosmo nikad po pare za brazilku
07/11/2018,14:09:17,Me,Ona radi do 5 cini mi se
07/11/2018,14:09:19,Me,Na ilidzi
07/11/2018,14:09:28,Me,Hoces da vidim da nekad za vikend
07/11/2018,14:10:32,Bakir Mob,Hajde moze i prije ne znam ja kad cu biti tu za vikend
07/11/2018,14:10:43,Me,Sto?
07/11/2018,14:11:10,Me,Jel ono pohod na jezero ?
07/11/2018,14:11:29,Bakir Mob,Jeste u subotu a mozda budem isao u tuzlu u nedjelju
07/11/2018,14:11:40,Me,E jebiga
07/11/2018,14:11:50,Me,Ja imam ispite sutra i orekosutr
07/11/2018,14:12:11,Bakir Mob,Ma hajde skontat cemo nesto
07/11/2018,14:12:17,Bakir Mob,Mozemo i navecer se org
07/11/2018,14:12:35,Me,Ma hajd vidjet cu ako je neko bude izvidio od njih
07/11/2018,14:12:39,Me,Da im da pare
07/11/2018,14:13:02,Bakir Mob,Nemoj da nekome daje
07/11/2018,14:13:23,Bakir Mob,Lahko se moze skontat da smo sw ugradili
07/11/2018,17:24:18,Me,Znaci nista od tenisa
07/11/2018,17:24:24,Me,Za vikend
07/11/2018,17:25:28,Bakir Mob,Nista 99%
07/11/2018,17:25:54,Me,Steta
07/11/2018,17:25:59,Me,Bas sam planirao
07/11/2018,17:42:03,Me,A gdje si rekao da imaju tereni
07/11/2018,17:42:08,Me,5 km termin??
07/11/2018,17:42:48,Bakir Mob,10 KM sat
07/11/2018,17:42:55,Bakir Mob,Una na kampusu
07/11/2018,17:43:17,Me,Gdje ondje imaju teniski?
07/11/2018,17:43:23,Me,Pored fudbalskih?
07/11/2018,17:44:30,Me,Mogu se reketi iznajmiti ili moras imati svoj?
07/11/2018,17:45:15,Bakir Mob,Dobijes i rekete
07/11/2018,17:45:19,Bakir Mob,Ako nemas svoj
07/14/2018,13:48:31,Bakir Mob,Evo dosli strqnci sa nama na ramsko
07/14/2018,13:48:31,Bakir Mob,Ja u busu indijca vozin hahaha
07/14/2018,14:12:32,Me,Hahahahah
07/15/2018,16:32:16,Bakir Mob,Moramo uzeti one pare
07/16/2018,17:04:03,Me,Kirba
07/16/2018,17:04:08,Me,Meni koljeno oteklo
07/16/2018,17:04:14,Me,Ne mogu ga saviti
07/16/2018,17:04:26,Me,Nema sanse da odem do cvile i nazad
07/16/2018,17:04:32,Me,Jos pogotovo 5 sprat
07/16/2018,20:18:59,Me,Mozemo i kad se vratim
07/16/2018,20:19:03,Me,S mora
07/16/2018,20:19:12,Me,Prije nego vi odete na more
07/16/2018,20:19:22,Me,Ako nije belaj vlasniku
07/16/2018,20:19:54,Bakir Mob,Kad ides ti kad se vracas
07/16/2018,20:20:03,Bakir Mob,Ja dolazim 29 idem prvog
07/16/2018,20:20:11,Bakir Mob,Moze to guravo biti
07/16/2018,20:20:16,Me,Ja odoh sutra vracam se 28
07/16/2018,20:20:29,Me,Eto imamo od 29 do 1
07/16/2018,20:20:39,Bakir Mob,Haj valja
07/16/2018,20:20:39,Me,U ta tri dana da to zavrsimo
07/28/2018,13:56:07,Me,Pokazuje mi berina
07/28/2018,13:56:29,Me,Mi u kaficu na plazi
07/28/2018,13:56:29,Me,Vase slike iz istambula
07/28/2018,13:56:29,Me,I dodje do tebe
07/28/2018,13:56:33,Me,Pun kafic
07/28/2018,13:56:44,Me,"Sve lijepo, fino"
07/28/2018,13:56:52,Me,Kad otvori tvoj story
07/28/2018,13:56:59,Me,I ono....ezan
07/28/2018,13:57:05,Me,Svi se lijepo okrenu
07/28/2018,13:57:18,Me,Za nama
07/28/2018,13:57:23,Me,Hvala ti na tome
07/28/2018,13:57:31,Me,(mwah)(like)(like)
07/28/2018,14:46:11,Bakir Mob,Hahahahah
07/29/2018,22:09:46,Me,Hajde kad se odmoris javi se
07/29/2018,22:09:48,Me,Da sjedemo
07/29/2018,22:10:52,Bakir Mob,Sutra se cujemo aBd
07/30/2018,13:49:08,Me,Kirba
07/30/2018,13:49:19,Me,Ona brazilka ode u brazil
07/30/2018,13:49:44,Me,Prekinula praksu
07/30/2018,13:50:10,Me,Ja se necu vise petljati s ovima
07/30/2018,13:50:27,Me,Ovi su neozbiljna djecurlija
07/30/2018,13:50:54,Bakir Mob,Hahaha ispalila se jel
07/30/2018,13:50:58,Bakir Mob,Majku joj jebem
07/30/2018,13:51:06,Me,Dala pola para indijcu
07/30/2018,13:51:09,Me,Kao za prvi mjesec
07/30/2018,13:51:16,Me,I prekinula praksu
07/30/2018,13:51:40,Bakir Mob,Znaci popusili foru
07/30/2018,13:51:43,Bakir Mob,Haj jebai ga
07/31/2018,12:59:31,Me,Jesi i ti u dairama?
07/31/2018,12:59:54,Bakir Mob,Nisam doc cu za sat u grad
08/04/2018,18:46:16,Me,Dodatak familiji
08/04/2018,18:46:19,Me,(happy)
08/04/2018,21:45:42,Bakir Mob,Kac para
08/04/2018,21:56:09,Me,Zadrzi taj odvratni jezik za sebe i tvoje azize i jildrime molim te
08/04/2018,21:57:57,Bakir Mob,Stq bi sa brazilkom i stanom
08/04/2018,21:58:18,Me,"Dedo uzeo na hadzu, nije skontao da je automatik, ja mu samo makeover napravio, stavio mu narukvicu od gerard peregauxa"
08/04/2018,21:58:24,Me,Vjeruj da ne znam
08/04/2018,21:58:35,Me,"Poslao sam poruku vlasniku, izvinuo se"
08/04/2018,21:58:45,Me,I nisam se cuo s onima vise
08/04/2018,21:58:50,Me,Iznervirali su me bas
08/05/2018,13:23:07,Bakir Mob,Ma jebi ih
08/08/2018,11:38:50,Me,Dzeste dzeste
08/08/2018,11:39:05,Me,Hoce ovog lijepog dana svracati u grad?
08/08/2018,11:39:18,Bakir Mob,Eo me u kancelariji
08/08/2018,11:39:22,Bakir Mob,Haj naleti
08/08/2018,11:39:37,Me,Haj za po sata
08/08/2018,11:39:46,Me,Hoces moci izaci?
08/08/2018,11:39:51,Me,Bar tu ispred
08/08/2018,11:39:54,Bakir Mob,Ma nema nikog
08/08/2018,11:39:56,Bakir Mob,Moze
08/08/2018,11:40:02,Me,(like)
08/08/2018,14:49:15,Me,Pa sta ti bi?
08/08/2018,14:51:59,Bakir Mob,Ma ostalo mi jos nesto
08/08/2018,14:52:03,Bakir Mob,Morao zavrsiti
08/08/2018,14:52:07,Bakir Mob,Haj u 4?
08/08/2018,14:56:17,Me,Ma evo nas shedimo u dairama
08/08/2018,15:19:52,Bakir Mob,Jestel jos tu
08/08/2018,15:27:56,Me,Jesam jesam
08/11/2018,20:20:27,Me,kad si kontao u grad?
08/11/2018,20:21:31,Bakir Mob,Kasnije nemam pojma
08/12/2018,17:53:17,Bakir Mob,Hos li ic u summer veceras
08/12/2018,17:55:28,Me,Vcrs je tinjak jel tako
08/12/2018,17:55:31,Me,Hocu
08/12/2018,17:55:51,Bakir Mob,Haj taman skontat cemo se
08/12/2018,17:55:55,Me,Gdje si ti nestao sinoc?
08/12/2018,17:56:01,Bakir Mob,Doc cu ja i ranije u grad ako hos
08/12/2018,17:56:14,Bakir Mob,Ma ima dogovoreno dosao sam kasnije u slogu
08/12/2018,17:56:14,Me,Ja idem na film veceras
08/12/2018,17:56:26,Me,U 20:30
08/12/2018,17:56:35,Bakir Mob,Haj eto prozovi kad zavrsi
08/12/2018,17:56:41,Me,Vazi
08/12/2018,22:26:06,Bakir Mob,Do kad ti je film
08/12/2018,22:32:46,Me,Jos traje
08/12/2018,23:19:44,Bakir Mob,Mi smo odmah ispod dj-a sto
08/12/2018,23:22:08,Me,Eto me
08/21/2018,10:25:07,Me,"Bajram Serif Mubarek Olsun, sve najbolje :)"
08/21/2018,12:04:23,Bakir Mob,Allah razi olsun okano i tebii tvojim najblizim sve najbolje
08/21/2018,19:15:44,Me,U potrazi za najboljim hamburgerom
08/21/2018,20:14:17,Bakir Mob,Sta ovo ti nesta eksperimentises
08/25/2018,21:11:06,Bakir Mob,Gdje si
08/25/2018,21:13:20,Me,Stavi 5â‚¬
08/25/2018,21:13:30,Me,Bez nekoh naknada
08/25/2018,21:15:13,Bakir Mob,Ne moze minimalno 9
08/25/2018,21:15:15,Bakir Mob,Jbga
08/25/2018,21:15:21,Me,E jebiga
08/25/2018,21:15:23,Bakir Mob,Haj nac cu nekog drugog za vecera
08/25/2018,21:15:30,Me,Imam ja para na drugoj kartici
08/25/2018,21:15:30,Bakir Mob,Pa skontaj za sutra
08/25/2018,21:15:41,Me,Ali ne mogu prebaciti preko vikenda
08/25/2018,21:15:45,Me,Mora biti radni dan
08/25/2018,21:15:53,Bakir Mob,Moze skontat cu
08/25/2018,23:15:51,Me,Jesi sta skontao ?
08/26/2018,02:49:29,Bakir Mob,Zsutra cu amara
08/26/2018,02:49:43,Bakir Mob,Pa cemo jedan dan iduce gefte
08/29/2018,14:26:01,Me,https://www.youtube.com/watch?v=a2rUhV19RP0&feature=share
08/29/2018,14:38:45,Bakir Mob,Hahah jok kurcenja
09/04/2018,09:56:43,Me,(happycry)
09/04/2018,09:56:48,Me,Novi prof bankarstva
09/04/2018,10:01:40,Bakir Mob,Kako ze zove
09/04/2018,10:02:09,Me,Pojma nemam
09/04/2018,10:02:17,Me,I ja se evo digao na ove vijesti
09/04/2018,10:54:57,Bakir Mob,Ma kozaric je dingospo
09/04/2018,10:55:04,Bakir Mob,Svi polagali ko s pjesmom
09/04/2018,11:13:58,Me,Ukljucujuci i mene
09/04/2018,11:14:29,Bakir Mob,Velid je bas jeben
11/30/2018,00:10:54,Bakir Mob,De mi posalji ime one cuke
11/30/2018,00:10:59,Bakir Mob,Da je malo vidim
11/30/2018,10:35:41,Me,Hej bake
11/30/2018,10:35:47,Me,Zaspo
11/30/2018,10:36:01,Me,Invicta 9937
12/03/2018,12:26:12,Me,Jel da pakujem?
12/03/2018,12:56:48,Bakir Mob,Haj javit cu ti se kasnije
12/03/2018,12:56:56,Bakir Mob,Imam posla
12/03/2018,12:56:59,Bakir Mob,Pakuj
12/03/2018,18:38:28,Me,Ja sam stavio pola
12/03/2018,18:39:05,Me,"Pa ako te bude i dalje stezao, imas ostatak narukvice"
12/03/2018,18:39:14,Me,Mogu ti ja ili bilo ko u zlatarskoj
12/03/2018,18:39:20,Bakir Mob,Haj eto sad cu ja naletit onda
12/03/2018,18:39:24,Me,Ubaciti jos
12/03/2018,18:39:26,Me,Hajde
12/03/2018,18:39:38,Me,Popenji se gore
12/09/2018,12:19:28,Me,Kirba
12/09/2018,12:19:36,Me,Javi mi pasic da ti se javim za zg
12/09/2018,12:19:46,Me,Ja kontao da uplatim u pon
12/09/2018,12:19:53,Bakir Mob,U srijedu
12/09/2018,12:19:55,Bakir Mob,Nema nas
12/09/2018,12:19:59,Me,Al on nesto mi govori da ti se trebam najaviti
12/09/2018,12:20:15,Me,Ugl
12/09/2018,12:20:37,Me,"Eto da znas, 2 mjesta"
12/09/2018,12:20:45,Me,Kako je u grxkoj?
12/09/2018,12:21:05,Bakir Mob,Evo jedem sladoled u kosulji na obali
12/09/2018,12:21:17,Me,Haha
12/12/2018,12:38:44,Me,Kirbaaa
12/12/2018,12:40:13,Me,Kad da ti dodjem da mi uzmes nevininost za pohode ?
12/12/2018,12:40:37,Me,Kazu da prvi put ne boli uopste
12/12/2018,12:40:40,Me,(shy)
12/12/2018,13:14:28,Bakir Mob,Dodji danas
12/12/2018,13:14:32,Bakir Mob,Do 5
12/19/2018,21:20:49,Me,Hahahahahhaha
12/19/2018,21:21:20,Bakir Mob,Hahaha
12/21/2018,16:16:14,Me,Kad krecemo mi ?
12/21/2018,17:28:05,Bakir Mob,U 11
12/21/2018,17:36:46,Me,(like)
12/21/2018,17:50:26,Me,Ne javlja mi se
12/21/2018,17:50:29,Me,Ma hajde moze
12/21/2018,17:50:37,Me,Jedna noc
12/21/2018,17:50:43,Me,Kakva god da je
12/21/2018,17:50:47,Bakir Mob,Mjera
12/21/2018,17:50:57,Me,(like)
12/22/2018,16:38:34,Me,Jesi budan ?
12/23/2018,17:58:43,Me,http://www.didthanoskill.me/
01/02/2019,22:00:55,Me,Kad ste dole ?
01/02/2019,22:01:26,Bakir Mob,Disli maloprije
01/02/2019,22:01:33,Me,Cuj
01/02/2019,22:01:42,Me,Kontao sam da ste jos vcrs
01/02/2019,22:01:56,Me,Nista hajde zovi onda
01/02/2019,22:02:27,Bakir Mob,Ma bili od subote dosta
01/02/2019,22:02:29,Bakir Mob,Valja
01/10/2019,13:27:26,Me,Kad nece brdo muhamedu ...
01/10/2019,13:27:38,Me,Gdje ste u pizdu maternu
01/10/2019,13:28:03,Me,Hoces na kafu ?
01/10/2019,13:47:14,Bakir Mob,Ma vikendom gore
01/10/2019,13:47:22,Bakir Mob,Na bjelasnici
01/10/2019,13:47:31,Bakir Mob,RÅ¾u kancelariji evo
01/10/2019,13:47:43,Bakir Mob,Kad si konto
01/10/2019,13:47:53,Me,Hos odmah ?
01/10/2019,18:35:38,Bakir Mob,Kad ste kontali
01/10/2019,18:38:08,Me,Kad pasic dodje
01/10/2019,18:38:19,Bakir Mob,Dje on
01/10/2019,18:39:43,Me,Ne znam
01/10/2019,19:05:58,Bakir Mob,Haj javi kad skontate
01/10/2019,19:07:11,Me,Javim ti cim mi jave
01/18/2019,22:16:40,Me,https://www.klix.ba/vijesti/bih/studenti-u-sarajevu-imaju-nove-predstavnike-hamza-vahid-el-din-na-celu-spus-a/190118150
01/18/2019,22:16:43,Me,Cestitam
01/18/2019,22:16:49,Me,(clap)(clap)(clap)
01/18/2019,22:23:46,Bakir Mob,Hah hvala hvala
01/18/2019,22:23:46,Bakir Mob,Imo sam najjaci sat u sali
01/18/2019,22:23:48,Bakir Mob,Ko sanader
01/18/2019,22:24:10,Me,Hahaha
01/18/2019,22:24:42,Me,Pozicija moci zahtjeva odgovarajuci stil
01/18/2019,22:24:57,Bakir Mob,Spremo sam se za to
01/18/2019,22:26:26,Me,Hajde pricas mi kad sjedemo
01/18/2019,22:26:43,Me,"Odoh spavati, nisam nesto dobar danas"
01/18/2019,22:38:09,Bakir Mob,Valja
01/21/2019,08:21:13,Me,https://www.youtube.com/watch?v=fgn1DAwYC7o&feature=share
01/21/2019,08:21:22,Me,Ako ti bude dosadno na poslu
01/28/2019,17:32:12,Bakir Mob,"Role nek je sretan i hairli, da si mi ziv i  zdrav  jos 100 godina ðŸ’“ðŸ’“"
01/28/2019,17:41:30,Me,Hvala brateeeeee
01/28/2019,17:41:32,Me,Hvalaaa
02/22/2019,16:32:27,Me,Kirba
02/22/2019,16:32:31,Me,Gdje si?
02/22/2019,16:32:36,Me,Trebas mi nesto
02/22/2019,16:54:51,Bakir Mob,Na poslu
02/22/2019,16:55:32,Me,Mogao sam iskombinovati pariz
02/22/2019,16:55:39,Me,I onda da odem u belgiju
02/22/2019,16:55:54,Me,Jel ti pravim problem ako se ne bi vratio ?
02/22/2019,16:56:09,Bakir Mob,Ne bi
02/22/2019,16:56:24,Me,Znaci mogao bih to komotno
02/22/2019,16:56:29,Bakir Mob,Al moras danas bit siguran
02/22/2019,16:56:45,Me,Kupio kartu iz belgije vec
02/22/2019,16:56:58,Me,Cekao da mi ti odgovoris
02/28/2019,21:04:00,Me,Gdje ste ?
02/28/2019,21:04:12,Me,Hoces da mi krenemo prema busu ?
03/13/2019,15:44:44,Me,Ti rece da imas one dnevnike za praksu
03/13/2019,15:51:42,Bakir Mob,Pogledaj mail
03/13/2019,15:52:11,Me,Ohoho
03/13/2019,15:52:20,Me,Al si praktican i funkcionalan
03/13/2019,15:52:23,Me,Za pohvalu
03/13/2019,15:52:36,Me,Hvala (wink2)(like)
03/13/2019,15:52:42,Bakir Mob,Nista
03/20/2019,13:01:22,Me,"Kaze berina da joj ostaju jos 2 drugarice, onda bi i one htjele same da budu u sobi"
03/20/2019,13:01:25,Me,"To ja vec necu da ulazim i da tebe molim, pa ce ona s njima u trokrevetnu normalno"
03/20/2019,13:01:30,Me,Niko se ne pegla
03/20/2019,13:01:31,Me,I eto
03/20/2019,13:01:47,Me,Hvala tebi sto si me imao u planu
03/20/2019,13:01:51,Me,Ali bolje je ovako
03/20/2019,13:02:31,Bakir Mob,Znaci ti sa nama jel
03/20/2019,13:02:52,Me,Jah
03/23/2019,12:54:56,Bakir Mob,Hos da sta pusimo
03/23/2019,12:55:43,Me,evo bas gledam kako je lijep dan
03/23/2019,12:55:49,Me,ali moram da radim nesto
03/23/2019,12:55:52,Me,tj da ucim
03/23/2019,12:56:02,Me,ne mogu danas nidje
03/23/2019,12:56:07,Bakir Mob,E jebai ga
03/23/2019,12:56:14,Bakir Mob,Haj cut cemo se
04/05/2019,21:53:31,Me,Javi se kad dodjete u grad
04/05/2019,21:53:52,Bakir Mob,Evo kod scc
04/05/2019,21:58:56,Me,Ja sam u blind tigeru
04/05/2019,21:59:02,Me,Eto ili me pokupi
04/05/2019,21:59:06,Me,Ili da izadjem
04/05/2019,22:08:41,Bakir Mob,Mcdonalds
04/05/2019,22:08:45,Bakir Mob,Sidji
04/05/2019,22:09:13,Me,Evo sekund
04/14/2019,10:35:48,Me,Hoces biti tamo
04/14/2019,10:35:53,Me,Oko 15 do 5?
04/14/2019,10:37:01,Bakir Mob,Haj dat cu ja za tebe
04/14/2019,10:37:15,Bakir Mob,Pa naleti oko 5
04/14/2019,10:37:22,Bakir Mob,Da pijemo kafu?
04/14/2019,10:38:25,Me,Hajd valja
04/14/2019,10:38:36,Me,Al onda malo kasnije
04/14/2019,10:38:41,Me,Da jedem prvo
04/14/2019,10:38:51,Bakir Mob,Valja
04/14/2019,10:39:06,Me,Ziku ovo
04/14/2019,10:39:29,Me,Zamisli kad moras nekog ovako braniti
04/14/2019,10:39:45,Bakir Mob,Hahaha tbj
04/14/2019,17:11:00,Me,Gdje si?
04/14/2019,17:22:26,Me,Halooo
04/16/2019,18:51:34,Me,Brate bas te slabo cujem
04/16/2019,18:51:39,Me,Hocu doci cu ja
04/16/2019,18:51:52,Bakir Mob,Sa nama ili sta sa berinom
04/16/2019,18:52:12,Me,Pa kakva je razlika
04/16/2019,18:52:27,Me,Valjda je rodjendan na istom mjestu
04/16/2019,18:52:44,Bakir Mob,Za poklon
04/16/2019,18:52:47,Bakir Mob,Te pitam
04/16/2019,18:52:52,Me,Aaa
04/16/2019,18:53:00,Me,Cek ds vidim hoce li ona uopste
04/16/2019,19:03:56,Me,Sta ste mu kontali uzeti ?
04/16/2019,19:04:09,Bakir Mob,Duks neki u fan shopu
04/16/2019,19:05:27,Me,"Doci ce i berina, hajde skontat cu ja neke kolace mozda da donesemo"
04/21/2019,17:38:54,Me,Jel to fela zatvara radnju ?
04/21/2019,17:38:58,Me,Eto sta sam cuo
04/21/2019,17:41:07,Bakir Mob,Nemam pojma
04/21/2019,17:41:21,Me,Moramo se ubiti kod njeg
04/21/2019,17:41:30,Me,Posljedni pozdrav
04/21/2019,17:41:42,Bakir Mob,Hahah valja
04/24/2019,21:57:52,Me,Kirba
04/24/2019,21:58:04,Me,Kad ti odgovara sutra da naletim
04/24/2019,21:58:09,Me,Da ti dam pare
04/24/2019,21:58:14,Me,Mogu oko 5
04/24/2019,21:58:23,Me,Ili ako ti odgovara nekad poslije
04/24/2019,21:58:54,Bakir Mob,Moze do 5 sam u kanc
04/24/2019,21:59:29,Me,Hajde
04/24/2019,21:59:35,Me,Naletit cu tad nekad
04/30/2019,22:47:03,Me,Gdje si
04/30/2019,22:47:08,Me,Mi gledamo tekmu
04/30/2019,22:47:12,Me,Ovdje u ovom kaficu
04/30/2019,22:47:16,Me,Kod baraka
04/30/2019,23:21:32,Bakir Mob,Po kampu hodam
05/01/2019,23:37:28,Me,Hajde
05/01/2019,23:37:32,Me,Ne znam ja ovo napravit
05/02/2019,17:29:52,Me,Kad stizete ?
05/02/2019,19:11:04,Bakir Mob,Za sat i po na cipro
05/02/2019,19:11:13,Bakir Mob,Pa ce ko hoce direkt u grad
05/02/2019,19:11:44,Bakir Mob,Ko nece vraca se u kamo
05/02/2019,19:11:47,Bakir Mob,Kamp
05/02/2019,19:15:09,Me,"Ok, reci berini da dodje u kamp"
05/02/2019,19:15:18,Me,Pa cu se ja naci s vama poslije
05/02/2019,19:16:25,Me,Prekida te
05/02/2019,19:16:36,Me,Hajde dodji u kamp
05/02/2019,19:16:38,Bakir Mob,Da dodjem u kamp
05/02/2019,19:16:42,Me,Pa cemo ja i ti skupa
05/02/2019,19:16:46,Me,U grad
05/02/2019,19:17:00,Bakir Mob,Okii
05/02/2019,19:17:12,Bakir Mob,Predajem te bekiru sada
05/02/2019,19:17:18,Bakir Mob,Vidimo se
05/02/2019,19:17:23,Bakir Mob,Ali hun
05/02/2019,19:17:31,Bakir Mob,Mi stizemo oko 9
05/02/2019,19:17:36,Bakir Mob,Da znas
05/02/2019,19:18:14,Me,Nema veze
05/02/2019,19:18:38,Bakir Mob,Pa sta si skonto
05/02/2019,19:19:13,Bakir Mob,Bakir je reci plan
05/02/2019,19:19:22,Me,Kakav plan?
05/02/2019,19:19:25,Me,Nista
05/02/2019,19:19:28,Me,Oni ce u grad
05/02/2019,19:19:41,Me,Ja htio s berinom u grad posebno
05/02/2019,19:19:52,Me,Pa bi se nasao s vama poslije
05/02/2019,19:20:01,Me,Ovdje je malo hladno vec
05/02/2019,19:20:07,Me,A ona je garant u haljinici
05/02/2019,19:20:12,Me,Zaledit ce se
05/02/2019,19:21:07,Me,Uzasna je veza
05/02/2019,19:21:09,Me,Nista te ne cujem
05/02/2019,19:21:11,Me,Tipkaj
05/02/2019,19:21:15,Me,Tu sam ja s njima
05/02/2019,19:21:37,Bakir Mob,Reci cu joj nek se ona vrati do kampa pa se ti spusti sa njom
05/02/2019,19:21:42,Me,Ma ja
05/02/2019,19:21:47,Me,Nista komplikovano
05/02/2019,19:22:28,Bakir Mob,Reci njima da sam ja prije 9 u gradu
05/02/2019,19:22:36,Bakir Mob,Gdje da se nadjemo
05/02/2019,19:22:59,Bakir Mob,Na popolu?
05/02/2019,19:23:53,Me,Kaze zvat ce oni kad dodju u grad
05/02/2019,19:24:13,Me,Nece da planiraju sad
05/02/2019,19:26:02,Bakir Mob,Pa da znam da se ne dogovaram sta dugo sa nekim
05/02/2019,19:26:12,Bakir Mob,A ne hoda mi se ni samom
05/02/2019,19:27:16,Me,U 9 cemo mi biti u grad
05/02/2019,19:27:26,Me,Kad dodjes posalji keri poruku
05/02/2019,19:27:36,Me,I nemoj mevlud okupljati
05/02/2019,19:27:37,Me,Eto
05/02/2019,20:39:01,Me,Dokle ste ?
05/02/2019,20:39:06,Me,Oni su otisli
05/02/2019,20:53:27,Bakir Mob,Evo ulazimo u kamp gore svi
05/03/2019,11:16:55,Me,Gdje ste vi ?
05/03/2019,11:17:01,Me,Prodje nam bus
05/05/2019,19:48:51,Me,Ne znam da li me vise pogadja sto vidim ovo nakon toliko vremena
05/05/2019,19:48:58,Me,Ili to sto si sacuvao ovo
05/05/2019,19:51:51,Bakir Mob,Ima  slika kamila ispod
05/05/2019,19:52:14,Me,Mojih ?
05/05/2019,19:52:17,Me,Iz novina ?
05/05/2019,19:53:25,Bakir Mob,"Nije kamila, slon"
05/05/2019,19:53:27,Me,Aaaaa
05/05/2019,19:53:30,Me,Hahahahahahah
05/05/2019,19:53:41,Me,A ja se sav raznijezio
05/05/2019,19:54:01,Bakir Mob,E jes mi dosadno stvari raspremam
05/08/2019,12:48:50,Me,Kirba
05/08/2019,12:48:56,Me,Kad je planiran istanbul
05/08/2019,12:48:58,Me,?
05/08/2019,12:56:27,Me,Prihvacen mi rad na konferenciju u istanbulu
05/08/2019,12:56:38,Me,Pa kontam da li bi mogao povezati kako
05/08/2019,12:56:45,Me,Ovo je 21-23 juni
05/08/2019,13:09:50,Bakir Mob,28. Juli
05/08/2019,13:14:12,Me,E jebiga
05/08/2019,13:14:14,Me,Nista onda
05/08/2019,13:14:19,Me,Nista onda
05/08/2019,13:14:43,Bakir Mob,Kakav ba rad
05/08/2019,13:19:08,Me,konferencijski rad
05/08/2019,13:19:48,Bakir Mob,Haj hos vcrs da sta zapalimo
05/08/2019,13:20:00,Bakir Mob,Doc cu ja u 9
05/08/2019,13:24:04,Me,hajd moglo bi se
05/08/2019,13:29:45,Bakir Mob,Dogovoreno
05/08/2019,19:20:11,Bakir Mob,9 kod murge?
05/08/2019,19:20:23,Me,Hajde
05/08/2019,19:20:29,Me,Ako ces negdje pored mene
05/08/2019,19:20:31,Me,Pokupi me
05/08/2019,19:20:44,Bakir Mob,Ok
05/08/2019,20:52:57,Me,Dzes ?
